{"cameraMode":{"drawMode":0,"name":"Shaded","section":"Shading Mode"},"sceneLighting":false,"audioPlay":false,"sceneViewState":{"m_AlwaysRefresh":false,"showFog":false,"showSkybox":false,"showFlares":false,"showImageEffects":false,"showParticleSystems":false,"showVisualEffectGraphs":true,"m_FxEnabled":true},"in2DMode":false,"pivot":{"x":-0.01763296127319336,"y":0.8342373967170715,"z":0.05994167923927307},"rotation":{"x":-0.04936186224222183,"y":-0.9433544278144836,"z":0.16369184851646424,"w":-0.2844833433628082},"size":1.1050176620483399,"orthographic":false}