{"cameraMode":{"drawMode":0,"name":"Shaded","section":"Shading Mode"},"sceneLighting":true,"audioPlay":false,"sceneViewState":{"m_AlwaysRefresh":false,"showFog":true,"showSkybox":true,"showFlares":true,"showImageEffects":true,"showParticleSystems":true,"showVisualEffectGraphs":true,"m_FxEnabled":true},"in2DMode":false,"pivot":{"x":0.2624177932739258,"y":1.4191691875457764,"z":-0.19045615196228028},"rotation":{"x":-0.002389538334682584,"y":0.9944393038749695,"z":-0.10461249947547913,"w":-0.02321498841047287},"size":1.3741230964660645,"orthographic":false}