{"cameraMode":{"drawMode":0,"name":"Shaded","section":"Shading Mode"},"sceneLighting":true,"audioPlay":false,"sceneViewState":{"m_AlwaysRefresh":false,"showFog":true,"showSkybox":true,"showFlares":true,"showImageEffects":true,"showParticleSystems":true,"showVisualEffectGraphs":true,"m_FxEnabled":true},"in2DMode":false,"pivot":{"x":0.33456313610076907,"y":-7.905380725860596,"z":16.371013641357423},"rotation":{"x":-0.2704170048236847,"y":-0.013210409320890904,"z":0.003710481571033597,"w":-0.9628008604049683},"size":12.12435531616211,"orthographic":false}